Link;
https://www.emag.bg/mobilni-telefoni/c?ref=hp_menu_quick-nav_1_1&type=category; 
https://www.emag.bg/televizori/c?ref=hp_menu_quick-nav_320_1&type=link;
https://www.emag.bg/hardware-prenosimi-konzoli/brand/sony/c?ref=hp_menu_quick-nav_3096_1&type=link;
https://www.emag.bg/hladilnici/c?ref=hp_menu_quick-nav_418_1&type=category;
https://www.emag.bg/espreso-mashini/c?ref=hp_menu_quick-nav_2026_9&type=link;
https://www.emag.bg/veloergometri/c?ref=hp_menu_quick-nav_731_1&type=category;
https://www.emag.bg/avto-dzhanti/c?ref=hp_menu_quick-nav_760_1&type=link;
https://www.emag.bg/cvetni-molivi-flumasteri/c?ref=hp_menu_quick-nav_2388_9&type=link;
https://www.emag.bg/elektricheski-chetki-za-zybi/c?ref=hp_menu_quick-nav_549_15&type=category;
https://www.emag.bg/label/%D0%91%D1%8E%D1%80%D0%B0%E2%80%93all?ref=hp_menu_quick-nav_612_8&type=category;
https://www.emag.bg/tablet/c?ref=hp_menu_quick-nav_1_12&type=category;
https://www.emag.bg/laptopi/c?ref=hp_menu_quick-nav_1_21&type=category;
https://www.emag.bg/vr-ochila/c?ref=hp_menu_quick-nav_1_34&type=category;
https://www.emag.bg/soundbar/c?ref=hp_menu_quick-nav_320_15&type=link;